text,rating,date,category,platform
"The cotton dress feels soft and the stitching is neat. The color is exactly like the photos and delivery was fast.",5,2025-01-05,Dresses,Shopify
"Beautiful pattern but the waist runs small. I had to exchange it even though the fabric quality is good.",3,2025-01-09,Dresses,Website
"The shirt arrived late and the package was torn. Material is okay but the delivery experience was poor.",2,2025-01-13,Shirts,Amazon
"Great value for the price. The linen blouse looks elegant and fits true to size.",5,2025-01-18,Blouses,Instagram Shop
"The jeans are too tight around the waist and much shorter than the size chart promised.",1,2025-01-23,Jeans,Website
"I love the modern cut of this jacket. Zipper feels durable and shipping was faster than expected.",5,2025-01-28,Jackets,Shopify
"The fabric started pilling after one wash. For this price I expected better quality.",2,2025-02-02,Sweaters,Amazon
"Sizing is perfect on the midi skirt and the color is rich. Worth every dollar.",5,2025-02-06,Skirts,Shopify
"Delivery was delayed by a week and tracking did not update. The dress itself is beautiful.",2,2025-02-11,Dresses,Website
"The material is thin and almost see through. The design is cute but construction feels cheap.",2,2025-02-16,Blouses,Amazon
"Fast shipping, careful packaging and a classic pattern. My customers would buy this again.",5,2025-02-21,Shirts,Etsy
"The sleeves are too long and the fit is loose. I returned the jacket.",1,2025-02-26,Jackets,Website
"Affordable trousers with strong stitching. They fit well and look professional.",5,2025-03-03,Trousers,Shopify
"The color faded after two washes and one button came loose. Quality control needs attention.",1,2025-03-07,Shirts,Amazon
"The dress is stylish but the bust area is tight. A clearer size chart would help.",3,2025-03-12,Dresses,Instagram Shop
"Packaging was excellent and delivery arrived early. The fabric also feels premium.",5,2025-03-17,Jackets,Shopify
"Overpriced for the fabric. It wrinkles badly and does not feel durable.",2,2025-03-22,Blouses,Website
"The pattern is beautiful and the skirt fits true to size. Great value.",5,2025-03-27,Skirts,Etsy
"Shipping was slow and customer support gave no update. I liked the color but not the service.",2,2025-04-01,Dresses,Website
"The seams are clean, the material is breathable and the shirt looks sharp.",5,2025-04-05,Shirts,Shopify
"Runs large compared with the size chart. I exchanged for a smaller size.",2,2025-04-10,Trousers,Amazon
"Cheap price and decent design, but the zipper broke on the second wear.",2,2025-04-15,Jackets,Website
"The blouse has a beautiful color and elegant silhouette. It arrived quickly.",5,2025-04-20,Blouses,Instagram Shop
"The jeans fit perfectly and the denim feels durable. Worth the premium price.",5,2025-04-25,Jeans,Shopify
"Material feels rough and the stitching around the hem is uneven.",2,2025-05-02,Skirts,Amazon
"Delivery was fast but the dress runs small. I need to return it.",2,2025-05-06,Dresses,Website
"Excellent construction on the blazer. The cut is modern and the fabric is comfortable.",5,2025-05-10,Jackets,Shopify
"The shirt is affordable and stylish. Packaging was neat and shipping arrived on time.",5,2025-05-14,Shirts,Etsy
"Too loose at the waist and too long in length. The size chart is confusing.",1,2025-05-18,Trousers,Website
"I paid a premium price but the material looks cheap. The color is also dull.",2,2025-05-22,Blouses,Amazon
"Lovely design and beautiful print. Fit is true to size and delivery was smooth.",5,2025-05-26,Dresses,Instagram Shop
"The sweater shrunk after washing. Fabric quality is not consistent with the description.",1,2025-05-30,Sweaters,Website
"The courier delayed the package and it arrived after the event. The dress design was beautiful.",2,2025-06-02,Dresses,Website
"Shipping was slow again and tracking stopped for three days. Product quality is fine.",2,2025-06-04,Shirts,Amazon
"The new summer blouse has excellent fabric and bright color. Fits true to size.",5,2025-06-06,Blouses,Shopify
"Delivery took too long and the package arrived crushed. I may not order again.",1,2025-06-08,Jackets,Website
"The waist is tight even though I ordered my usual size. I will exchange it.",2,2025-06-10,Jeans,Instagram Shop
"Beautiful pattern, comfortable cotton and neat stitching. Great value for the price.",5,2025-06-12,Dresses,Etsy
"Late delivery and poor packaging made the experience frustrating.",1,2025-06-14,Skirts,Amazon
"The trousers are too large and baggy. Measurements on the size chart are wrong.",1,2025-06-16,Trousers,Website
"Premium fabric, clean construction and a stylish cut. This jacket feels worth the money.",5,2025-06-18,Jackets,Shopify
"The color is gorgeous but the fabric is thin. Quality should improve before the next batch.",3,2025-06-20,Blouses,Website
"Fast delivery and affordable price. The shirt fits well and looks classic.",5,2025-06-22,Shirts,Amazon
"The skirt has loose threads at the seam and one small hole near the hem.",1,2025-06-24,Skirts,Website
"Runs small across the chest and shoulders. The design is nice but sizing is unreliable.",2,2025-06-26,Dresses,Instagram Shop
"Great value, beautiful print and careful stitching. Delivery was on time.",5,2025-06-28,Dresses,Shopify
"The size chart is wrong. Medium was too small and I had to return the blouse.",1,2025-06-29,Blouses,Website
"Sleeves are tight and the jacket does not fit like the measurements promised.",2,2025-06-29,Jackets,Amazon
"I ordered my usual size but the trousers run large and baggy at the waist.",2,2025-06-30,Trousers,Shopify
"The fit is inconsistent. Waist is tight while the legs are loose, so I need an exchange.",1,2025-06-30,Jeans,Website
"The blazer arrived neatly packed and looked polished right away. Fabric feels premium and the fit is true to size.",5,2025-07-02,Blazers,Shopify
"I liked the print, but the material feels thinner than expected for the price.",3,2025-07-04,Dresses,Website
"Fast DHL delivery and careful packaging. The trousers fit perfectly and the stitching is clean.",5,2025-07-06,Trousers,Amazon
"The hoodie shrank after the first wash and the cuffs became uneven.",1,2025-07-08,Hoodies,Website
"Beautiful summer top with a soft fabric and flattering cut. Worth buying again.",5,2025-07-10,Tops,Instagram Shop
"Tracking updated very late and the parcel arrived two days after my trip.",2,2025-07-12,Skirts,Amazon
"The jumpsuit is stylish, but the zipper catches near the waist every time.",2,2025-07-14,Jumpsuits,Website
"Excellent value. The cotton shirt is breathable, comfortable and well finished.",5,2025-07-16,Shirts,Etsy
"Color looked brighter in the photos. In person it is dull, although the fit is okay.",3,2025-07-18,Blouses,Website
"These leggings feel supportive and the waistband stays in place all day.",5,2025-07-20,Activewear,Shopify
"The seam opened near the pocket after one wear. Quality control should be better.",1,2025-07-22,Jeans,Amazon
"Paris delivery was surprisingly quick and the wrap dress looked elegant for the event.",5,2025-07-24,Dresses,Website
"The coat is warm and looks expensive, but the sleeves are too short for my usual size.",3,2025-07-26,Coats,Website
"Affordable cardigan with soft knit and neat buttons. Great everyday piece.",5,2025-07-28,Knitwear,Shopify
"I had to return the blouse because the bust measurements in the guide were inaccurate.",1,2025-07-30,Blouses,Instagram Shop
"The satin skirt drapes nicely and the color is rich. Delivery also arrived on time.",5,2025-08-01,Skirts,Etsy
"Packaging was messy and one button was missing from the cardigan.",2,2025-08-03,Knitwear,Amazon
"This Zara-inspired blazer has a modern silhouette and strong stitching. I am impressed.",5,2025-08-05,Blazers,Website
"The fabric is comfortable, but the joggers run large and look too baggy around the hips.",2,2025-08-07,Activewear,Shopify
"Customer support answered quickly and helped me exchange the wrong size dress.",4,2025-08-09,Dresses,Website
"The hem on the midi skirt is uneven and there are loose threads near the zipper.",1,2025-08-11,Skirts,Amazon
"Beautiful embroidery and a soft linen blend. The blouse feels much better than expected.",5,2025-08-13,Blouses,Instagram Shop
"The price is fair, but the shirt wrinkles too easily and loses shape by the evening.",3,2025-08-15,Shirts,Website
"Delivery was smooth, the package was intact and the trench coat feels durable.",5,2025-08-17,Coats,Shopify
"The waistline is too tight and the jumpsuit is difficult to zip without help.",2,2025-08-19,Jumpsuits,Website
"Nice design overall, but the shoulder seams sit awkwardly and the fit feels off.",2,2025-08-21,Tops,Amazon
"These pants are comfortable for office wear and the fabric still looks fresh after washing.",5,2025-08-23,Trousers,Etsy
"The hoodie arrived with a strong chemical smell, although the size itself was correct.",2,2025-08-25,Hoodies,Website
"Good value and flattering cut. The dress looked great in both Tunis and Sousse events.",5,2025-08-27,Dresses,Instagram Shop
"I paid extra for express shipping, but the courier still delivered late.",1,2025-08-29,Jackets,Amazon
"The floral dress feels light and comfortable. Stitching is clean and the fit is flattering.",5,2025-08-30,Dresses,Shopify
"Nice print, but the fabric wrinkles too quickly and looks cheap by the end of the day.",2,2025-08-31,Dresses,Website
"My blouse arrived on time and the linen blend feels breathable in the Tunis heat.",5,2025-09-01,Blouses,Website
"The shirt collar is stiff and uncomfortable. Quality does not match the photos.",2,2025-09-02,Shirts,Amazon
"These jeans fit well through the hips and the denim feels durable after two washes.",5,2025-09-03,Jeans,Shopify
"The blazer looked elegant online, but the shoulder fit is too boxy for my usual size.",3,2025-09-04,Blazers,Instagram Shop
"Fast shipping and solid packaging. The cardigan is soft and easy to style.",5,2025-09-05,Knitwear,Etsy
"The zipper on the jacket broke when I tried it on for the first time.",1,2025-09-06,Jackets,Amazon
"Good value overall, though the sleeves are slightly longer than expected.",4,2025-09-07,Tops,Website
"Tracking kept changing and the parcel reached Sfax three days late.",1,2025-09-08,Skirts,Website
"The pleated skirt has a beautiful drape and the waistband sits comfortably all day.",5,2025-09-09,Skirts,Shopify
"Material is acceptable, but the dress runs tight across the chest and shoulders.",2,2025-09-10,Dresses,Amazon
"This hoodie is warm, soft and perfect for travel. I would order another color.",5,2025-09-11,Hoodies,Website
"The trousers looked polished, but one pocket seam opened after one use.",1,2025-09-12,Trousers,Amazon
"Excellent delivery experience. The coat arrived early and the buttons feel secure.",5,2025-09-13,Coats,Shopify
"The blouse color is lovely, but the fabric is almost see through in daylight.",2,2025-09-14,Blouses,Instagram Shop
"I wore the jumpsuit to a wedding in Sousse and received many compliments on the fit.",5,2025-09-15,Jumpsuits,Website
"Affordable shirt with a nice cut, but the material shrank after the first wash.",2,2025-09-16,Shirts,Etsy
"The leggings stay in place during workouts and the waistband does not roll.",5,2025-09-17,Activewear,Shopify
"Customer support took too long to answer about my delayed package.",2,2025-09-18,Jackets,Website
"The satin blouse feels premium and the stitching around the cuffs is very neat.",5,2025-09-19,Blouses,Shopify
"The denim skirt looked stylish, but the zipper gets stuck near the hem.",2,2025-09-20,Skirts,Amazon
"This blazer is a little expensive, but the tailoring and structure justify the price.",5,2025-09-21,Blazers,Website
"The cargo pants run large at the waist and too short in length.",2,2025-09-22,Trousers,Website
"Packaging was elegant and the cardigan color matched the catalog exactly.",5,2025-09-23,Knitwear,Instagram Shop
"The dress design is pretty, yet the bust area feels too tight for the labeled size.",3,2025-09-24,Dresses,Amazon
"I like the modern cut of this jacket and the fabric has a clean finish.",5,2025-09-25,Jackets,Shopify
"The shirt arrived with loose threads near the buttons and a small stain.",1,2025-09-26,Shirts,Website
"Very comfortable joggers with soft fabric and good stretch for daily wear.",5,2025-09-27,Activewear,Etsy
"Delivery was smooth, but the blouse wrinkles badly and needs too much ironing.",3,2025-09-28,Blouses,Website
"The jeans hug the waist nicely and the color stayed dark after washing.",5,2025-09-29,Jeans,Shopify
"These trousers feel rough and the fit is awkward through the thighs.",2,2025-09-30,Trousers,Amazon
"Beautiful embroidered dress with soft lining and careful stitching.",5,2025-10-01,Dresses,Instagram Shop
"The coat is warm enough, but one button came loose on the second day.",2,2025-10-02,Coats,Website
"I ordered this top for a conference in Paris and the silhouette looked sharp all day.",5,2025-10-03,Tops,Shopify
"The skirt waistband twists after sitting, which makes it uncomfortable to wear.",2,2025-10-04,Skirts,Amazon
"Fast return process and helpful support when I needed a larger size.",4,2025-10-05,Dresses,Website
"The hoodie print faded quickly after only two washes.",1,2025-10-06,Hoodies,Website
"Great quality knit and a flattering fit. This sweater feels worth the price.",5,2025-10-07,Sweaters,Etsy
"The jumpsuit looks elegant, but the zipper area feels stiff and hard to close alone.",3,2025-10-08,Jumpsuits,Amazon
"The blouse has a rich emerald color and arrived exactly on schedule.",5,2025-10-09,Blouses,Shopify
"I expected better fabric for this price. The texture feels synthetic and thin.",2,2025-10-10,Blouses,Website
"The cropped jacket is stylish and the lining feels smoother than expected.",5,2025-10-11,Jackets,Instagram Shop
"These jeans run small in the waist and the legs feel tighter than the chart suggested.",2,2025-10-12,Jeans,Amazon
"Excellent office trousers with straight seams and comfortable stretch.",5,2025-10-13,Trousers,Shopify
"The shirt pattern is nice, but the collar loses shape by midday.",3,2025-10-14,Shirts,Etsy
"Delivery to Milan was fast and the dress fabric felt surprisingly premium.",5,2025-10-15,Dresses,Website
"The cardigan pills easily and already looks worn after one week.",1,2025-10-16,Knitwear,Amazon
"The sports top fits securely and stays comfortable during long workouts.",5,2025-10-17,Activewear,Shopify
"Parcel arrived crushed and the coat had a crease that was hard to remove.",2,2025-10-18,Coats,Website
"This skirt has a clean silhouette and the fabric moves beautifully when walking.",5,2025-10-19,Skirts,Shopify
"The blazer sleeves are too narrow, even though the body fit is correct.",2,2025-10-20,Blazers,Amazon
"I love the soft cotton feel of this shirt and the stitching around the placket is strong.",5,2025-10-21,Shirts,Website
"The blouse photo looked luxurious, but the real fabric feels much cheaper.",2,2025-10-22,Blouses,Website
"Very happy with this dress. The fit is true to size and the print is elegant.",5,2025-10-23,Dresses,Instagram Shop
"The trousers are decent, but the hem was uneven and needed tailoring.",3,2025-10-24,Trousers,Etsy
"The knit sweater is cozy and did not shrink after washing.",5,2025-10-25,Sweaters,Shopify
"Delivery was delayed again and customer service kept repeating generic replies.",1,2025-10-26,Jackets,Amazon
"The jumpsuit is flattering and comfortable enough for a full workday.",5,2025-10-27,Jumpsuits,Website
"The leggings fit well, but the fabric became slightly transparent when stretched.",3,2025-10-28,Activewear,Amazon
"The wool coat feels structured and warm. Buttons and seams look premium.",5,2025-10-29,Coats,Shopify
"The dress is cute, but the shoulder straps are longer than they should be.",3,2025-10-30,Dresses,Website
"My shirt arrived in Rabat on time and looked crisp straight out of the package.",5,2025-10-31,Shirts,Etsy
"The skirt fabric is rough against the skin and the lining is not comfortable.",2,2025-11-01,Skirts,Amazon
"This blazer has a clean, modern shape and the fabric holds well through meetings.",5,2025-11-02,Blazers,Shopify
"The knit cardigan is overpriced for the quality. Buttons feel loose and cheap.",2,2025-11-03,Knitwear,Website
"The activewear set is supportive, breathable and easy to wash.",5,2025-11-04,Activewear,Instagram Shop
"Package arrived late and the trousers had a missing hook at the waist.",1,2025-11-05,Trousers,Amazon
"Great denim quality and a flattering high-rise fit on these jeans.",5,2025-11-06,Jeans,Shopify
"The blouse is okay overall, but the sleeves wrinkle and lose shape quickly.",3,2025-11-07,Blouses,Website
"The satin dress looked beautiful at a dinner in Dubai and felt very comfortable.",5,2025-11-08,Dresses,Website
"The shirt shrank noticeably even after following the care instructions.",1,2025-11-09,Shirts,Amazon
"This trench coat has excellent construction and a polished finish.",5,2025-11-10,Coats,Shopify
"The hoodie is soft, but the pocket stitching started coming apart.",2,2025-11-11,Hoodies,Website
"I appreciate the quick delivery and the accurate size chart for these trousers.",5,2025-11-12,Trousers,Etsy
"The blazer fabric feels stiff and uncomfortable around the arms.",2,2025-11-13,Blazers,Amazon
"Lovely blouse with a flattering neckline and rich color saturation.",5,2025-11-14,Blouses,Instagram Shop
"The skirt runs large and the waistband slips after a few minutes of wear.",2,2025-11-15,Skirts,Website
"The dress is stylish, well packed and perfect for festive events.",5,2025-11-16,Dresses,Shopify
"Price is reasonable, but the lining inside the jacket feels scratchy.",3,2025-11-17,Jackets,Website
"The jeans have strong seams and keep their shape after repeated wear.",5,2025-11-18,Jeans,Shopify
"The blouse looked elegant online, but the real color is much darker than shown.",2,2025-11-19,Blouses,Amazon
"Good quality sweater with soft knit and a comfortable relaxed fit.",5,2025-11-20,Sweaters,Etsy
"Delivery to Marseille was late and the box arrived visibly damaged.",1,2025-11-21,Jackets,Website
"The jumpsuit is flattering at the waist and the fabric falls nicely.",5,2025-11-22,Jumpsuits,Instagram Shop
"These leggings are comfortable, but the waistband stitching is starting to loosen.",3,2025-11-23,Activewear,Amazon
"The coat feels premium and the inner lining is smooth against the skin.",5,2025-11-24,Coats,Shopify
"The shirt collar curls after washing and the fabric loses its sharp look.",2,2025-11-25,Shirts,Website
"This skirt is affordable, stylish and easy to pair with office outfits.",5,2025-11-26,Skirts,Etsy
"The trousers arrived quickly, but the size chart was wrong and the waist was too tight.",2,2025-11-27,Trousers,Amazon
"The blazer fits beautifully and feels tailored enough for client meetings.",5,2025-11-28,Blazers,Shopify
"The dress material is decent, but the zipper area creates an awkward bulge.",3,2025-11-29,Dresses,Website
"Fast delivery, careful packaging and a great fit on this cotton blouse.",5,2025-11-30,Blouses,Instagram Shop
"The sweater pills under the arms and already looks old.",1,2025-12-01,Sweaters,Amazon
"These jeans are comfortable, stylish and feel stronger than most budget denim.",5,2025-12-02,Jeans,Etsy
"The activewear top rides up during movement, so the fit is not ideal.",2,2025-12-03,Activewear,Website
"The coat arrived early and looked elegant enough for winter events in London.",5,2025-12-04,Coats,Website
"I like the design, but the shirt fabric feels stiff and not very breathable.",3,2025-12-05,Shirts,Amazon
"The skirt has beautiful pleats and the waistband stays flat and comfortable.",5,2025-12-06,Skirts,Shopify
"Customer service handled my exchange well, but the first dress clearly ran small.",3,2025-12-07,Dresses,Website
