text,rating,date,user_name,product,platform,url,goods_spu,sku,cat_id
"c***z 2 Feb,2026 Height: 167 cm / 66 in Weight: 64 kg / 141 lbs Body Shape: Rectrangle Hips: 106 cm / 42 in Waist: 72 cm / 28 in Bust: 91 cm / 36 in Color: Black and White Size: L me fascina muy bonito todo me encanta me fascina muy bonito todo me encanta me fascina muy bonito todo me encanta me fascina muy bonito todo me encanta me fascina Translate Show original From SHEIN US Points Program Helpful (1)",4.8,,Women's Polka Dot Print Pocket Wide Leg Pants /,SHEIN Product,SHEIN,https://us.shein.com/Women-s-Polka-Dot-Print-Pocket-Wide-Leg-Pants-review-158214269.html?mall_code=1&goods_spu=z250814661199&local_site_query_flag=&sku=sz25081466119988888&store_code=2115186932&isLowestPriceProductOfBuyBox=NaN&mainProductSameGroupId=null&cat_id=1740&sku_code=&isAppointMall=&isTrusted=true&_vts=1778860038532,z250814661199,sz25081466119988888,1740
Did the item fit well? Overall Fit: Small 6% True to Size 86% Large 8%,4.8,,Did the item fit well?,SHEIN Product,SHEIN,https://us.shein.com/Women-s-Polka-Dot-Print-Pocket-Wide-Leg-Pants-review-158214269.html?mall_code=1&goods_spu=z250814661199&local_site_query_flag=&sku=sz25081466119988888&store_code=2115186932&isLowestPriceProductOfBuyBox=NaN&mainProductSameGroupId=null&cat_id=1740&sku_code=&isAppointMall=&isTrusted=true&_vts=1778860038532,z250814661199,sz25081466119988888,1740
4.87 4.87 Review Policy,4.8,,Anonymous,SHEIN Product,SHEIN,https://us.shein.com/Women-s-Polka-Dot-Print-Pocket-Wide-Leg-Pants-review-158214269.html?mall_code=1&goods_spu=z250814661199&local_site_query_flag=&sku=sz25081466119988888&store_code=2115186932&isLowestPriceProductOfBuyBox=NaN&mainProductSameGroupId=null&cat_id=1740&sku_code=&isAppointMall=&isTrusted=true&_vts=1778860038532,z250814661199,sz25081466119988888,1740
Small 6% True to Size 86% Large 8%,,,Did the item fit well?,SHEIN Product,SHEIN,https://us.shein.com/Women-s-Polka-Dot-Print-Pocket-Wide-Leg-Pants-review-158214269.html?mall_code=1&goods_spu=z250814661199&local_site_query_flag=&sku=sz25081466119988888&store_code=2115186932&isLowestPriceProductOfBuyBox=NaN&mainProductSameGroupId=null&cat_id=1740&sku_code=&isAppointMall=&isTrusted=true&_vts=1778860038532,z250814661199,sz25081466119988888,1740
Rating All 5 Star 4 Star 3 Star 2 Star 1 Star Filter by product（color or size） All Size S M L XL Sort by Recommend Most Recent to Oldest,,,Anonymous,SHEIN Product,SHEIN,https://us.shein.com/Women-s-Polka-Dot-Print-Pocket-Wide-Leg-Pants-review-158214269.html?mall_code=1&goods_spu=z250814661199&local_site_query_flag=&sku=sz25081466119988888&store_code=2115186932&isLowestPriceProductOfBuyBox=NaN&mainProductSameGroupId=null&cat_id=1740&sku_code=&isAppointMall=&isTrusted=true&_vts=1778860038532,z250814661199,sz25081466119988888,1740
Filter by product（color or size） All Size S M L XL,,,Anonymous,SHEIN Product,SHEIN,https://us.shein.com/Women-s-Polka-Dot-Print-Pocket-Wide-Leg-Pants-review-158214269.html?mall_code=1&goods_spu=z250814661199&local_site_query_flag=&sku=sz25081466119988888&store_code=2115186932&isLowestPriceProductOfBuyBox=NaN&mainProductSameGroupId=null&cat_id=1740&sku_code=&isAppointMall=&isTrusted=true&_vts=1778860038532,z250814661199,sz25081466119988888,1740
All 5 Star 4 Star 3 Star 2 Star 1 Star,,,Anonymous,SHEIN Product,SHEIN,https://us.shein.com/Women-s-Polka-Dot-Print-Pocket-Wide-Leg-Pants-review-158214269.html?mall_code=1&goods_spu=z250814661199&local_site_query_flag=&sku=sz25081466119988888&store_code=2115186932&isLowestPriceProductOfBuyBox=NaN&mainProductSameGroupId=null&cat_id=1740&sku_code=&isAppointMall=&isTrusted=true&_vts=1778860038532,z250814661199,sz25081466119988888,1740
Filter by product（color or size）,,,Anonymous,SHEIN Product,SHEIN,https://us.shein.com/Women-s-Polka-Dot-Print-Pocket-Wide-Leg-Pants-review-158214269.html?mall_code=1&goods_spu=z250814661199&local_site_query_flag=&sku=sz25081466119988888&store_code=2115186932&isLowestPriceProductOfBuyBox=NaN&mainProductSameGroupId=null&cat_id=1740&sku_code=&isAppointMall=&isTrusted=true&_vts=1778860038532,z250814661199,sz25081466119988888,1740
Recommend Most Recent to Oldest,,,Anonymous,SHEIN Product,SHEIN,https://us.shein.com/Women-s-Polka-Dot-Print-Pocket-Wide-Leg-Pants-review-158214269.html?mall_code=1&goods_spu=z250814661199&local_site_query_flag=&sku=sz25081466119988888&store_code=2115186932&isLowestPriceProductOfBuyBox=NaN&mainProductSameGroupId=null&cat_id=1740&sku_code=&isAppointMall=&isTrusted=true&_vts=1778860038532,z250814661199,sz25081466119988888,1740
Most Recent to Oldest,,,Anonymous,SHEIN Product,SHEIN,https://us.shein.com/Women-s-Polka-Dot-Print-Pocket-Wide-Leg-Pants-review-158214269.html?mall_code=1&goods_spu=z250814661199&local_site_query_flag=&sku=sz25081466119988888&store_code=2115186932&isLowestPriceProductOfBuyBox=NaN&mainProductSameGroupId=null&cat_id=1740&sku_code=&isAppointMall=&isTrusted=true&_vts=1778860038532,z250814661199,sz25081466119988888,1740
No Smell (1) Summer Outfits (1) Comfortable (4) Flowy (2) Useful (1) Affordable (1) Good Quality (2) Stretchy (1) Beautiful (1) Too Long (1),,,Anonymous,SHEIN Product,SHEIN,https://us.shein.com/Women-s-Polka-Dot-Print-Pocket-Wide-Leg-Pants-review-158214269.html?mall_code=1&goods_spu=z250814661199&local_site_query_flag=&sku=sz25081466119988888&store_code=2115186932&isLowestPriceProductOfBuyBox=NaN&mainProductSameGroupId=null&cat_id=1740&sku_code=&isAppointMall=&isTrusted=true&_vts=1778860038532,z250814661199,sz25081466119988888,1740
"e***i 8 Feb,2026 Overall Fit: True to Size Height: 167 cm / 66 in Weight: 86 kg / 190 lbs Waist: 88 cm / 35 in Bust: 91 cm / 36 in Hips: 108 cm / 43 in Body Shape: Hourglass Color: Black and White Size: XL Very flowy nice casual pants that look exactly like the advertisement. Translate Show original From SHEIN US Points Program Helpful (8)",5.0,,e***i,SHEIN Product,SHEIN,https://us.shein.com/Women-s-Polka-Dot-Print-Pocket-Wide-Leg-Pants-review-158214269.html?mall_code=1&goods_spu=z250814661199&local_site_query_flag=&sku=sz25081466119988888&store_code=2115186932&isLowestPriceProductOfBuyBox=NaN&mainProductSameGroupId=null&cat_id=1740&sku_code=&isAppointMall=&isTrusted=true&_vts=1778860038532,z250814661199,sz25081466119988888,1740
Overall Fit: True to Size Height: 167 cm / 66 in Weight: 86 kg / 190 lbs Waist: 88 cm / 35 in Bust: 91 cm / 36 in Hips: 108 cm / 43 in Body Shape: Hourglass Color: Black and White Size: XL,5.0,,e***i,SHEIN Product,SHEIN,https://us.shein.com/Women-s-Polka-Dot-Print-Pocket-Wide-Leg-Pants-review-158214269.html?mall_code=1&goods_spu=z250814661199&local_site_query_flag=&sku=sz25081466119988888&store_code=2115186932&isLowestPriceProductOfBuyBox=NaN&mainProductSameGroupId=null&cat_id=1740&sku_code=&isAppointMall=&isTrusted=true&_vts=1778860038532,z250814661199,sz25081466119988888,1740
Very flowy nice casual pants that look exactly like the advertisement. Translate Show original,,,Anonymous,SHEIN Product,SHEIN,https://us.shein.com/Women-s-Polka-Dot-Print-Pocket-Wide-Leg-Pants-review-158214269.html?mall_code=1&goods_spu=z250814661199&local_site_query_flag=&sku=sz25081466119988888&store_code=2115186932&isLowestPriceProductOfBuyBox=NaN&mainProductSameGroupId=null&cat_id=1740&sku_code=&isAppointMall=&isTrusted=true&_vts=1778860038532,z250814661199,sz25081466119988888,1740
Very flowy nice casual pants that look exactly like the advertisement.,,,Anonymous,SHEIN Product,SHEIN,https://us.shein.com/Women-s-Polka-Dot-Print-Pocket-Wide-Leg-Pants-review-158214269.html?mall_code=1&goods_spu=z250814661199&local_site_query_flag=&sku=sz25081466119988888&store_code=2115186932&isLowestPriceProductOfBuyBox=NaN&mainProductSameGroupId=null&cat_id=1740&sku_code=&isAppointMall=&isTrusted=true&_vts=1778860038532,z250814661199,sz25081466119988888,1740
From SHEIN US Points Program,,,Anonymous,SHEIN Product,SHEIN,https://us.shein.com/Women-s-Polka-Dot-Print-Pocket-Wide-Leg-Pants-review-158214269.html?mall_code=1&goods_spu=z250814661199&local_site_query_flag=&sku=sz25081466119988888&store_code=2115186932&isLowestPriceProductOfBuyBox=NaN&mainProductSameGroupId=null&cat_id=1740&sku_code=&isAppointMall=&isTrusted=true&_vts=1778860038532,z250814661199,sz25081466119988888,1740
"F***f 4 Mar,2026 Overall Fit: True to Size Height: 161 cm / 63 in Weight: 59 kg / 130 lbs Bust: 87 cm / 34 in Waist: 74 cm / 29 in Hips: 101 cm / 40 in Body Shape: Apple Color: Black and White Size: M I love these pants. They are so cute and comfortable. The fabric is soft and flowy. Translate Show original From SHEIN US Points Program Helpful (16)",5.0,,F***f,SHEIN Product,SHEIN,https://us.shein.com/Women-s-Polka-Dot-Print-Pocket-Wide-Leg-Pants-review-158214269.html?mall_code=1&goods_spu=z250814661199&local_site_query_flag=&sku=sz25081466119988888&store_code=2115186932&isLowestPriceProductOfBuyBox=NaN&mainProductSameGroupId=null&cat_id=1740&sku_code=&isAppointMall=&isTrusted=true&_vts=1778860038532,z250814661199,sz25081466119988888,1740
Overall Fit: True to Size Height: 161 cm / 63 in Weight: 59 kg / 130 lbs Bust: 87 cm / 34 in Waist: 74 cm / 29 in Hips: 101 cm / 40 in Body Shape: Apple Color: Black and White Size: M,5.0,,F***f,SHEIN Product,SHEIN,https://us.shein.com/Women-s-Polka-Dot-Print-Pocket-Wide-Leg-Pants-review-158214269.html?mall_code=1&goods_spu=z250814661199&local_site_query_flag=&sku=sz25081466119988888&store_code=2115186932&isLowestPriceProductOfBuyBox=NaN&mainProductSameGroupId=null&cat_id=1740&sku_code=&isAppointMall=&isTrusted=true&_vts=1778860038532,z250814661199,sz25081466119988888,1740
I love these pants. They are so cute and comfortable. The fabric is soft and flowy. Translate Show original,,,Anonymous,SHEIN Product,SHEIN,https://us.shein.com/Women-s-Polka-Dot-Print-Pocket-Wide-Leg-Pants-review-158214269.html?mall_code=1&goods_spu=z250814661199&local_site_query_flag=&sku=sz25081466119988888&store_code=2115186932&isLowestPriceProductOfBuyBox=NaN&mainProductSameGroupId=null&cat_id=1740&sku_code=&isAppointMall=&isTrusted=true&_vts=1778860038532,z250814661199,sz25081466119988888,1740
I love these pants. They are so cute and comfortable. The fabric is soft and flowy.,,,Anonymous,SHEIN Product,SHEIN,https://us.shein.com/Women-s-Polka-Dot-Print-Pocket-Wide-Leg-Pants-review-158214269.html?mall_code=1&goods_spu=z250814661199&local_site_query_flag=&sku=sz25081466119988888&store_code=2115186932&isLowestPriceProductOfBuyBox=NaN&mainProductSameGroupId=null&cat_id=1740&sku_code=&isAppointMall=&isTrusted=true&_vts=1778860038532,z250814661199,sz25081466119988888,1740
"j***r 26 Apr,2026 Overall Fit: True to Size Height: 163 cm / 64 in Weight: 68 kg / 150 lbs Bust: 95 cm / 37 in Waist: 67 cm / 26 in Hips: 88 cm / 35 in Body Shape: Triangle Color: Black and White Size: M Perfect summer pant Translate Show original From SHEIN US Points Program Helpful (6)",5.0,,j***r,SHEIN Product,SHEIN,https://us.shein.com/Women-s-Polka-Dot-Print-Pocket-Wide-Leg-Pants-review-158214269.html?mall_code=1&goods_spu=z250814661199&local_site_query_flag=&sku=sz25081466119988888&store_code=2115186932&isLowestPriceProductOfBuyBox=NaN&mainProductSameGroupId=null&cat_id=1740&sku_code=&isAppointMall=&isTrusted=true&_vts=1778860038532,z250814661199,sz25081466119988888,1740
Overall Fit: True to Size Height: 163 cm / 64 in Weight: 68 kg / 150 lbs Bust: 95 cm / 37 in Waist: 67 cm / 26 in Hips: 88 cm / 35 in Body Shape: Triangle Color: Black and White Size: M,5.0,,j***r,SHEIN Product,SHEIN,https://us.shein.com/Women-s-Polka-Dot-Print-Pocket-Wide-Leg-Pants-review-158214269.html?mall_code=1&goods_spu=z250814661199&local_site_query_flag=&sku=sz25081466119988888&store_code=2115186932&isLowestPriceProductOfBuyBox=NaN&mainProductSameGroupId=null&cat_id=1740&sku_code=&isAppointMall=&isTrusted=true&_vts=1778860038532,z250814661199,sz25081466119988888,1740
Perfect summer pant Translate Show original,,,Anonymous,SHEIN Product,SHEIN,https://us.shein.com/Women-s-Polka-Dot-Print-Pocket-Wide-Leg-Pants-review-158214269.html?mall_code=1&goods_spu=z250814661199&local_site_query_flag=&sku=sz25081466119988888&store_code=2115186932&isLowestPriceProductOfBuyBox=NaN&mainProductSameGroupId=null&cat_id=1740&sku_code=&isAppointMall=&isTrusted=true&_vts=1778860038532,z250814661199,sz25081466119988888,1740
Translate Show original,,,Anonymous,SHEIN Product,SHEIN,https://us.shein.com/Women-s-Polka-Dot-Print-Pocket-Wide-Leg-Pants-review-158214269.html?mall_code=1&goods_spu=z250814661199&local_site_query_flag=&sku=sz25081466119988888&store_code=2115186932&isLowestPriceProductOfBuyBox=NaN&mainProductSameGroupId=null&cat_id=1740&sku_code=&isAppointMall=&isTrusted=true&_vts=1778860038532,z250814661199,sz25081466119988888,1740
"V***a 9 Feb,2026 Overall Fit: True to Size Height: 158 cm / 62 in Weight: 67 kg / 148 lbs Hips: 109 cm / 43 in Waist: 83 cm / 33 in Bust: 96 cm / 38 in Color: Black and White Size: L Great quality. Super cute Translate Show original From SHEIN US Points Program Helpful (3)",5.0,,V***a,SHEIN Product,SHEIN,https://us.shein.com/Women-s-Polka-Dot-Print-Pocket-Wide-Leg-Pants-review-158214269.html?mall_code=1&goods_spu=z250814661199&local_site_query_flag=&sku=sz25081466119988888&store_code=2115186932&isLowestPriceProductOfBuyBox=NaN&mainProductSameGroupId=null&cat_id=1740&sku_code=&isAppointMall=&isTrusted=true&_vts=1778860038532,z250814661199,sz25081466119988888,1740
Overall Fit: True to Size Height: 158 cm / 62 in Weight: 67 kg / 148 lbs Hips: 109 cm / 43 in Waist: 83 cm / 33 in Bust: 96 cm / 38 in Color: Black and White Size: L,5.0,,V***a,SHEIN Product,SHEIN,https://us.shein.com/Women-s-Polka-Dot-Print-Pocket-Wide-Leg-Pants-review-158214269.html?mall_code=1&goods_spu=z250814661199&local_site_query_flag=&sku=sz25081466119988888&store_code=2115186932&isLowestPriceProductOfBuyBox=NaN&mainProductSameGroupId=null&cat_id=1740&sku_code=&isAppointMall=&isTrusted=true&_vts=1778860038532,z250814661199,sz25081466119988888,1740
Great quality. Super cute Translate Show original,,,Anonymous,SHEIN Product,SHEIN,https://us.shein.com/Women-s-Polka-Dot-Print-Pocket-Wide-Leg-Pants-review-158214269.html?mall_code=1&goods_spu=z250814661199&local_site_query_flag=&sku=sz25081466119988888&store_code=2115186932&isLowestPriceProductOfBuyBox=NaN&mainProductSameGroupId=null&cat_id=1740&sku_code=&isAppointMall=&isTrusted=true&_vts=1778860038532,z250814661199,sz25081466119988888,1740
Great quality. Super cute,,,Anonymous,SHEIN Product,SHEIN,https://us.shein.com/Women-s-Polka-Dot-Print-Pocket-Wide-Leg-Pants-review-158214269.html?mall_code=1&goods_spu=z250814661199&local_site_query_flag=&sku=sz25081466119988888&store_code=2115186932&isLowestPriceProductOfBuyBox=NaN&mainProductSameGroupId=null&cat_id=1740&sku_code=&isAppointMall=&isTrusted=true&_vts=1778860038532,z250814661199,sz25081466119988888,1740
"p***4 12 Feb,2026 Overall Fit: True to Size Color: Black and White Size: M Wore these the other day and the fit is perfect and so comfortable, I love the material Translate Show original From SHEIN US Points Program Helpful (2)",5.0,,p***4,SHEIN Product,SHEIN,https://us.shein.com/Women-s-Polka-Dot-Print-Pocket-Wide-Leg-Pants-review-158214269.html?mall_code=1&goods_spu=z250814661199&local_site_query_flag=&sku=sz25081466119988888&store_code=2115186932&isLowestPriceProductOfBuyBox=NaN&mainProductSameGroupId=null&cat_id=1740&sku_code=&isAppointMall=&isTrusted=true&_vts=1778860038532,z250814661199,sz25081466119988888,1740
"Wore these the other day and the fit is perfect and so comfortable, I love the material Translate Show original",5.0,,p***4,SHEIN Product,SHEIN,https://us.shein.com/Women-s-Polka-Dot-Print-Pocket-Wide-Leg-Pants-review-158214269.html?mall_code=1&goods_spu=z250814661199&local_site_query_flag=&sku=sz25081466119988888&store_code=2115186932&isLowestPriceProductOfBuyBox=NaN&mainProductSameGroupId=null&cat_id=1740&sku_code=&isAppointMall=&isTrusted=true&_vts=1778860038532,z250814661199,sz25081466119988888,1740
Overall Fit: True to Size Color: Black and White Size: M,5.0,,Anonymous,SHEIN Product,SHEIN,https://us.shein.com/Women-s-Polka-Dot-Print-Pocket-Wide-Leg-Pants-review-158214269.html?mall_code=1&goods_spu=z250814661199&local_site_query_flag=&sku=sz25081466119988888&store_code=2115186932&isLowestPriceProductOfBuyBox=NaN&mainProductSameGroupId=null&cat_id=1740&sku_code=&isAppointMall=&isTrusted=true&_vts=1778860038532,z250814661199,sz25081466119988888,1740
"Wore these the other day and the fit is perfect and so comfortable, I love the material",,,Anonymous,SHEIN Product,SHEIN,https://us.shein.com/Women-s-Polka-Dot-Print-Pocket-Wide-Leg-Pants-review-158214269.html?mall_code=1&goods_spu=z250814661199&local_site_query_flag=&sku=sz25081466119988888&store_code=2115186932&isLowestPriceProductOfBuyBox=NaN&mainProductSameGroupId=null&cat_id=1740&sku_code=&isAppointMall=&isTrusted=true&_vts=1778860038532,z250814661199,sz25081466119988888,1740
"t***0 5 May,2026 Overall Fit: Large Height: 165 cm / 65 in Weight: 77 kg / 170 lbs Body Shape: Apple Hips: 106 cm / 42 in Waist: 78 cm / 31 in Bust: 94 cm / 37 in Color: Black and White Size: L In love with it. Translate Show original From SHEIN US Points Program",5.0,,t***0,SHEIN Product,SHEIN,https://us.shein.com/Women-s-Polka-Dot-Print-Pocket-Wide-Leg-Pants-review-158214269.html?mall_code=1&goods_spu=z250814661199&local_site_query_flag=&sku=sz25081466119988888&store_code=2115186932&isLowestPriceProductOfBuyBox=NaN&mainProductSameGroupId=null&cat_id=1740&sku_code=&isAppointMall=&isTrusted=true&_vts=1778860038532,z250814661199,sz25081466119988888,1740
Overall Fit: Large Height: 165 cm / 65 in Weight: 77 kg / 170 lbs Body Shape: Apple Hips: 106 cm / 42 in Waist: 78 cm / 31 in Bust: 94 cm / 37 in Color: Black and White Size: L,5.0,,t***0,SHEIN Product,SHEIN,https://us.shein.com/Women-s-Polka-Dot-Print-Pocket-Wide-Leg-Pants-review-158214269.html?mall_code=1&goods_spu=z250814661199&local_site_query_flag=&sku=sz25081466119988888&store_code=2115186932&isLowestPriceProductOfBuyBox=NaN&mainProductSameGroupId=null&cat_id=1740&sku_code=&isAppointMall=&isTrusted=true&_vts=1778860038532,z250814661199,sz25081466119988888,1740
In love with it. Translate Show original,,,Anonymous,SHEIN Product,SHEIN,https://us.shein.com/Women-s-Polka-Dot-Print-Pocket-Wide-Leg-Pants-review-158214269.html?mall_code=1&goods_spu=z250814661199&local_site_query_flag=&sku=sz25081466119988888&store_code=2115186932&isLowestPriceProductOfBuyBox=NaN&mainProductSameGroupId=null&cat_id=1740&sku_code=&isAppointMall=&isTrusted=true&_vts=1778860038532,z250814661199,sz25081466119988888,1740
"k***1 9 May,2026 Overall Fit: True to Size Height: 152 cm / 60 in Weight: 61 kg / 134 lbs Hips: 109 cm / 43 in Waist: 79 cm / 31 in Bust: 95 cm / 37 in Body Shape: Triangle Color: Black and White Size: L I like the stretch in the waist and how flowy the pants are. Translate Show original From SHEIN US Points Program",5.0,,k***1,SHEIN Product,SHEIN,https://us.shein.com/Women-s-Polka-Dot-Print-Pocket-Wide-Leg-Pants-review-158214269.html?mall_code=1&goods_spu=z250814661199&local_site_query_flag=&sku=sz25081466119988888&store_code=2115186932&isLowestPriceProductOfBuyBox=NaN&mainProductSameGroupId=null&cat_id=1740&sku_code=&isAppointMall=&isTrusted=true&_vts=1778860038532,z250814661199,sz25081466119988888,1740
Overall Fit: True to Size Height: 152 cm / 60 in Weight: 61 kg / 134 lbs Hips: 109 cm / 43 in Waist: 79 cm / 31 in Bust: 95 cm / 37 in Body Shape: Triangle Color: Black and White Size: L,5.0,,k***1,SHEIN Product,SHEIN,https://us.shein.com/Women-s-Polka-Dot-Print-Pocket-Wide-Leg-Pants-review-158214269.html?mall_code=1&goods_spu=z250814661199&local_site_query_flag=&sku=sz25081466119988888&store_code=2115186932&isLowestPriceProductOfBuyBox=NaN&mainProductSameGroupId=null&cat_id=1740&sku_code=&isAppointMall=&isTrusted=true&_vts=1778860038532,z250814661199,sz25081466119988888,1740
I like the stretch in the waist and how flowy the pants are. Translate Show original,,,Anonymous,SHEIN Product,SHEIN,https://us.shein.com/Women-s-Polka-Dot-Print-Pocket-Wide-Leg-Pants-review-158214269.html?mall_code=1&goods_spu=z250814661199&local_site_query_flag=&sku=sz25081466119988888&store_code=2115186932&isLowestPriceProductOfBuyBox=NaN&mainProductSameGroupId=null&cat_id=1740&sku_code=&isAppointMall=&isTrusted=true&_vts=1778860038532,z250814661199,sz25081466119988888,1740
I like the stretch in the waist and how flowy the pants are.,,,Anonymous,SHEIN Product,SHEIN,https://us.shein.com/Women-s-Polka-Dot-Print-Pocket-Wide-Leg-Pants-review-158214269.html?mall_code=1&goods_spu=z250814661199&local_site_query_flag=&sku=sz25081466119988888&store_code=2115186932&isLowestPriceProductOfBuyBox=NaN&mainProductSameGroupId=null&cat_id=1740&sku_code=&isAppointMall=&isTrusted=true&_vts=1778860038532,z250814661199,sz25081466119988888,1740
"p***1 3 May,2026 Height: 165 cm / 65 in Weight: 74 kg / 163 lbs Bust: 96 cm / 38 in Waist: 81 cm / 32 in Hips: 112 cm / 44 in Body Shape: Rectrangle Color: Black and White Size: XL Haven't wear it but did try it on and I love it, good material, soft, elegant and so pretty Translate Show original From SHEIN US Points Program",5.0,,p***1,SHEIN Product,SHEIN,https://us.shein.com/Women-s-Polka-Dot-Print-Pocket-Wide-Leg-Pants-review-158214269.html?mall_code=1&goods_spu=z250814661199&local_site_query_flag=&sku=sz25081466119988888&store_code=2115186932&isLowestPriceProductOfBuyBox=NaN&mainProductSameGroupId=null&cat_id=1740&sku_code=&isAppointMall=&isTrusted=true&_vts=1778860038532,z250814661199,sz25081466119988888,1740
Height: 165 cm / 65 in Weight: 74 kg / 163 lbs Bust: 96 cm / 38 in Waist: 81 cm / 32 in Hips: 112 cm / 44 in Body Shape: Rectrangle Color: Black and White Size: XL,5.0,,p***1,SHEIN Product,SHEIN,https://us.shein.com/Women-s-Polka-Dot-Print-Pocket-Wide-Leg-Pants-review-158214269.html?mall_code=1&goods_spu=z250814661199&local_site_query_flag=&sku=sz25081466119988888&store_code=2115186932&isLowestPriceProductOfBuyBox=NaN&mainProductSameGroupId=null&cat_id=1740&sku_code=&isAppointMall=&isTrusted=true&_vts=1778860038532,z250814661199,sz25081466119988888,1740
"Haven't wear it but did try it on and I love it, good material, soft, elegant and so pretty Translate Show original",,,Anonymous,SHEIN Product,SHEIN,https://us.shein.com/Women-s-Polka-Dot-Print-Pocket-Wide-Leg-Pants-review-158214269.html?mall_code=1&goods_spu=z250814661199&local_site_query_flag=&sku=sz25081466119988888&store_code=2115186932&isLowestPriceProductOfBuyBox=NaN&mainProductSameGroupId=null&cat_id=1740&sku_code=&isAppointMall=&isTrusted=true&_vts=1778860038532,z250814661199,sz25081466119988888,1740
"Haven't wear it but did try it on and I love it, good material, soft, elegant and so pretty",,,Anonymous,SHEIN Product,SHEIN,https://us.shein.com/Women-s-Polka-Dot-Print-Pocket-Wide-Leg-Pants-review-158214269.html?mall_code=1&goods_spu=z250814661199&local_site_query_flag=&sku=sz25081466119988888&store_code=2115186932&isLowestPriceProductOfBuyBox=NaN&mainProductSameGroupId=null&cat_id=1740&sku_code=&isAppointMall=&isTrusted=true&_vts=1778860038532,z250814661199,sz25081466119988888,1740
"c***d 25 Apr,2026 Overall Fit: True to Size Color: Black and White Size: S Beautiful excellent material very comfortable 👌 Translate Show original From SHEIN US Points Program",5.0,,c***d,SHEIN Product,SHEIN,https://us.shein.com/Women-s-Polka-Dot-Print-Pocket-Wide-Leg-Pants-review-158214269.html?mall_code=1&goods_spu=z250814661199&local_site_query_flag=&sku=sz25081466119988888&store_code=2115186932&isLowestPriceProductOfBuyBox=NaN&mainProductSameGroupId=null&cat_id=1740&sku_code=&isAppointMall=&isTrusted=true&_vts=1778860038532,z250814661199,sz25081466119988888,1740
Beautiful excellent material very comfortable 👌 Translate Show original,5.0,,c***d,SHEIN Product,SHEIN,https://us.shein.com/Women-s-Polka-Dot-Print-Pocket-Wide-Leg-Pants-review-158214269.html?mall_code=1&goods_spu=z250814661199&local_site_query_flag=&sku=sz25081466119988888&store_code=2115186932&isLowestPriceProductOfBuyBox=NaN&mainProductSameGroupId=null&cat_id=1740&sku_code=&isAppointMall=&isTrusted=true&_vts=1778860038532,z250814661199,sz25081466119988888,1740
Overall Fit: True to Size Color: Black and White Size: S,5.0,,Anonymous,SHEIN Product,SHEIN,https://us.shein.com/Women-s-Polka-Dot-Print-Pocket-Wide-Leg-Pants-review-158214269.html?mall_code=1&goods_spu=z250814661199&local_site_query_flag=&sku=sz25081466119988888&store_code=2115186932&isLowestPriceProductOfBuyBox=NaN&mainProductSameGroupId=null&cat_id=1740&sku_code=&isAppointMall=&isTrusted=true&_vts=1778860038532,z250814661199,sz25081466119988888,1740
Beautiful excellent material very comfortable 👌,,,Anonymous,SHEIN Product,SHEIN,https://us.shein.com/Women-s-Polka-Dot-Print-Pocket-Wide-Leg-Pants-review-158214269.html?mall_code=1&goods_spu=z250814661199&local_site_query_flag=&sku=sz25081466119988888&store_code=2115186932&isLowestPriceProductOfBuyBox=NaN&mainProductSameGroupId=null&cat_id=1740&sku_code=&isAppointMall=&isTrusted=true&_vts=1778860038532,z250814661199,sz25081466119988888,1740
"a***0 28 Mar,2026 Color: Black and White Size: M Lovely pants Great quality Very comfortable Translate Show original From SHEIN US Points Program",5.0,,a***0,SHEIN Product,SHEIN,https://us.shein.com/Women-s-Polka-Dot-Print-Pocket-Wide-Leg-Pants-review-158214269.html?mall_code=1&goods_spu=z250814661199&local_site_query_flag=&sku=sz25081466119988888&store_code=2115186932&isLowestPriceProductOfBuyBox=NaN&mainProductSameGroupId=null&cat_id=1740&sku_code=&isAppointMall=&isTrusted=true&_vts=1778860038532,z250814661199,sz25081466119988888,1740
Lovely pants Great quality Very comfortable Translate Show original,5.0,,a***0,SHEIN Product,SHEIN,https://us.shein.com/Women-s-Polka-Dot-Print-Pocket-Wide-Leg-Pants-review-158214269.html?mall_code=1&goods_spu=z250814661199&local_site_query_flag=&sku=sz25081466119988888&store_code=2115186932&isLowestPriceProductOfBuyBox=NaN&mainProductSameGroupId=null&cat_id=1740&sku_code=&isAppointMall=&isTrusted=true&_vts=1778860038532,z250814661199,sz25081466119988888,1740
Color: Black and White Size: M,5.0,,Anonymous,SHEIN Product,SHEIN,https://us.shein.com/Women-s-Polka-Dot-Print-Pocket-Wide-Leg-Pants-review-158214269.html?mall_code=1&goods_spu=z250814661199&local_site_query_flag=&sku=sz25081466119988888&store_code=2115186932&isLowestPriceProductOfBuyBox=NaN&mainProductSameGroupId=null&cat_id=1740&sku_code=&isAppointMall=&isTrusted=true&_vts=1778860038532,z250814661199,sz25081466119988888,1740
Lovely pants Great quality Very comfortable,,,Anonymous,SHEIN Product,SHEIN,https://us.shein.com/Women-s-Polka-Dot-Print-Pocket-Wide-Leg-Pants-review-158214269.html?mall_code=1&goods_spu=z250814661199&local_site_query_flag=&sku=sz25081466119988888&store_code=2115186932&isLowestPriceProductOfBuyBox=NaN&mainProductSameGroupId=null&cat_id=1740&sku_code=&isAppointMall=&isTrusted=true&_vts=1778860038532,z250814661199,sz25081466119988888,1740
"c***2 5 Mar,2026 Overall Fit: Large Color: Black and White Size: M I love this outfit. It's a little longer and large for my size but I will just hem it and all should be fine. I love the quality of the fabric, it's light and flows. very nice@ Product quality : 1000 Fit : 100 Translate Show original From SHEIN US Points Program",5.0,,c***2,SHEIN Product,SHEIN,https://us.shein.com/Women-s-Polka-Dot-Print-Pocket-Wide-Leg-Pants-review-158214269.html?mall_code=1&goods_spu=z250814661199&local_site_query_flag=&sku=sz25081466119988888&store_code=2115186932&isLowestPriceProductOfBuyBox=NaN&mainProductSameGroupId=null&cat_id=1740&sku_code=&isAppointMall=&isTrusted=true&_vts=1778860038532,z250814661199,sz25081466119988888,1740
"I love this outfit. It's a little longer and large for my size but I will just hem it and all should be fine. I love the quality of the fabric, it's light and flows. very nice@ Product quality : 1000 Fit : 100 Translate Show original",5.0,,c***2,SHEIN Product,SHEIN,https://us.shein.com/Women-s-Polka-Dot-Print-Pocket-Wide-Leg-Pants-review-158214269.html?mall_code=1&goods_spu=z250814661199&local_site_query_flag=&sku=sz25081466119988888&store_code=2115186932&isLowestPriceProductOfBuyBox=NaN&mainProductSameGroupId=null&cat_id=1740&sku_code=&isAppointMall=&isTrusted=true&_vts=1778860038532,z250814661199,sz25081466119988888,1740
Overall Fit: Large Color: Black and White Size: M,5.0,,Anonymous,SHEIN Product,SHEIN,https://us.shein.com/Women-s-Polka-Dot-Print-Pocket-Wide-Leg-Pants-review-158214269.html?mall_code=1&goods_spu=z250814661199&local_site_query_flag=&sku=sz25081466119988888&store_code=2115186932&isLowestPriceProductOfBuyBox=NaN&mainProductSameGroupId=null&cat_id=1740&sku_code=&isAppointMall=&isTrusted=true&_vts=1778860038532,z250814661199,sz25081466119988888,1740
Product quality : 1000 Fit : 100,,,Product quality,SHEIN Product,SHEIN,https://us.shein.com/Women-s-Polka-Dot-Print-Pocket-Wide-Leg-Pants-review-158214269.html?mall_code=1&goods_spu=z250814661199&local_site_query_flag=&sku=sz25081466119988888&store_code=2115186932&isLowestPriceProductOfBuyBox=NaN&mainProductSameGroupId=null&cat_id=1740&sku_code=&isAppointMall=&isTrusted=true&_vts=1778860038532,z250814661199,sz25081466119988888,1740
Product quality : 1000,,,Product quality,SHEIN Product,SHEIN,https://us.shein.com/Women-s-Polka-Dot-Print-Pocket-Wide-Leg-Pants-review-158214269.html?mall_code=1&goods_spu=z250814661199&local_site_query_flag=&sku=sz25081466119988888&store_code=2115186932&isLowestPriceProductOfBuyBox=NaN&mainProductSameGroupId=null&cat_id=1740&sku_code=&isAppointMall=&isTrusted=true&_vts=1778860038532,z250814661199,sz25081466119988888,1740
"1***a 20 Apr,2026 Height: 164 cm / 65 in Weight: 81 kg / 179 lbs Bust: 93 cm / 37 in Waist: 86 cm / 34 in Hips: 116 cm / 46 in Color: Black and White Size: XL Comfortable pants. Legs are very wide True to product images : great comfortable waist. If you like wide legs this is for you Translate Show original From SHEIN US Points Program",4.0,,1***a,SHEIN Product,SHEIN,https://us.shein.com/Women-s-Polka-Dot-Print-Pocket-Wide-Leg-Pants-review-158214269.html?mall_code=1&goods_spu=z250814661199&local_site_query_flag=&sku=sz25081466119988888&store_code=2115186932&isLowestPriceProductOfBuyBox=NaN&mainProductSameGroupId=null&cat_id=1740&sku_code=&isAppointMall=&isTrusted=true&_vts=1778860038532,z250814661199,sz25081466119988888,1740
Comfortable pants. Legs are very wide True to product images : great comfortable waist. If you like wide legs this is for you Translate Show original,4.0,,1***a,SHEIN Product,SHEIN,https://us.shein.com/Women-s-Polka-Dot-Print-Pocket-Wide-Leg-Pants-review-158214269.html?mall_code=1&goods_spu=z250814661199&local_site_query_flag=&sku=sz25081466119988888&store_code=2115186932&isLowestPriceProductOfBuyBox=NaN&mainProductSameGroupId=null&cat_id=1740&sku_code=&isAppointMall=&isTrusted=true&_vts=1778860038532,z250814661199,sz25081466119988888,1740
Height: 164 cm / 65 in Weight: 81 kg / 179 lbs Bust: 93 cm / 37 in Waist: 86 cm / 34 in Hips: 116 cm / 46 in Color: Black and White Size: XL,4.0,,Anonymous,SHEIN Product,SHEIN,https://us.shein.com/Women-s-Polka-Dot-Print-Pocket-Wide-Leg-Pants-review-158214269.html?mall_code=1&goods_spu=z250814661199&local_site_query_flag=&sku=sz25081466119988888&store_code=2115186932&isLowestPriceProductOfBuyBox=NaN&mainProductSameGroupId=null&cat_id=1740&sku_code=&isAppointMall=&isTrusted=true&_vts=1778860038532,z250814661199,sz25081466119988888,1740
True to product images : great comfortable waist. If you like wide legs this is for you,,,True to product images,SHEIN Product,SHEIN,https://us.shein.com/Women-s-Polka-Dot-Print-Pocket-Wide-Leg-Pants-review-158214269.html?mall_code=1&goods_spu=z250814661199&local_site_query_flag=&sku=sz25081466119988888&store_code=2115186932&isLowestPriceProductOfBuyBox=NaN&mainProductSameGroupId=null&cat_id=1740&sku_code=&isAppointMall=&isTrusted=true&_vts=1778860038532,z250814661199,sz25081466119988888,1740
great comfortable waist. If you like wide legs this is for you,,,True to product images,SHEIN Product,SHEIN,https://us.shein.com/Women-s-Polka-Dot-Print-Pocket-Wide-Leg-Pants-review-158214269.html?mall_code=1&goods_spu=z250814661199&local_site_query_flag=&sku=sz25081466119988888&store_code=2115186932&isLowestPriceProductOfBuyBox=NaN&mainProductSameGroupId=null&cat_id=1740&sku_code=&isAppointMall=&isTrusted=true&_vts=1778860038532,z250814661199,sz25081466119988888,1740
"b***r 24 Mar,2026 Overall Fit: Small Height: 156 cm / 61 in Weight: 64 kg / 141 lbs Bust: 88 cm / 35 in Waist: 69 cm / 27 in Hips: 110 cm / 43 in Body Shape: Triangle Color: Black and White Size: L A little tight in the hip area but still fits ok. Love the polka dots! Translate Show original From SHEIN US Points Program",4.0,,b***r,SHEIN Product,SHEIN,https://us.shein.com/Women-s-Polka-Dot-Print-Pocket-Wide-Leg-Pants-review-158214269.html?mall_code=1&goods_spu=z250814661199&local_site_query_flag=&sku=sz25081466119988888&store_code=2115186932&isLowestPriceProductOfBuyBox=NaN&mainProductSameGroupId=null&cat_id=1740&sku_code=&isAppointMall=&isTrusted=true&_vts=1778860038532,z250814661199,sz25081466119988888,1740
Overall Fit: Small Height: 156 cm / 61 in Weight: 64 kg / 141 lbs Bust: 88 cm / 35 in Waist: 69 cm / 27 in Hips: 110 cm / 43 in Body Shape: Triangle Color: Black and White Size: L,4.0,,b***r,SHEIN Product,SHEIN,https://us.shein.com/Women-s-Polka-Dot-Print-Pocket-Wide-Leg-Pants-review-158214269.html?mall_code=1&goods_spu=z250814661199&local_site_query_flag=&sku=sz25081466119988888&store_code=2115186932&isLowestPriceProductOfBuyBox=NaN&mainProductSameGroupId=null&cat_id=1740&sku_code=&isAppointMall=&isTrusted=true&_vts=1778860038532,z250814661199,sz25081466119988888,1740
A little tight in the hip area but still fits ok. Love the polka dots! Translate Show original,,,Anonymous,SHEIN Product,SHEIN,https://us.shein.com/Women-s-Polka-Dot-Print-Pocket-Wide-Leg-Pants-review-158214269.html?mall_code=1&goods_spu=z250814661199&local_site_query_flag=&sku=sz25081466119988888&store_code=2115186932&isLowestPriceProductOfBuyBox=NaN&mainProductSameGroupId=null&cat_id=1740&sku_code=&isAppointMall=&isTrusted=true&_vts=1778860038532,z250814661199,sz25081466119988888,1740
A little tight in the hip area but still fits ok. Love the polka dots!,,,Anonymous,SHEIN Product,SHEIN,https://us.shein.com/Women-s-Polka-Dot-Print-Pocket-Wide-Leg-Pants-review-158214269.html?mall_code=1&goods_spu=z250814661199&local_site_query_flag=&sku=sz25081466119988888&store_code=2115186932&isLowestPriceProductOfBuyBox=NaN&mainProductSameGroupId=null&cat_id=1740&sku_code=&isAppointMall=&isTrusted=true&_vts=1778860038532,z250814661199,sz25081466119988888,1740
"m***x 15 May,2026 Overall Fit: True to Size Color: Black and White Size: M Light weight pants, good hit the summer. If you are short, they rill need to be shortened. Translate Show original From SHEIN US Points Program",5.0,,m***x,SHEIN Product,SHEIN,https://us.shein.com/Women-s-Polka-Dot-Print-Pocket-Wide-Leg-Pants-review-158214269.html?mall_code=1&goods_spu=z250814661199&local_site_query_flag=&sku=sz25081466119988888&store_code=2115186932&isLowestPriceProductOfBuyBox=NaN&mainProductSameGroupId=null&cat_id=1740&sku_code=&isAppointMall=&isTrusted=true&_vts=1778860038532,z250814661199,sz25081466119988888,1740
"Light weight pants, good hit the summer. If you are short, they rill need to be shortened. Translate Show original",5.0,,m***x,SHEIN Product,SHEIN,https://us.shein.com/Women-s-Polka-Dot-Print-Pocket-Wide-Leg-Pants-review-158214269.html?mall_code=1&goods_spu=z250814661199&local_site_query_flag=&sku=sz25081466119988888&store_code=2115186932&isLowestPriceProductOfBuyBox=NaN&mainProductSameGroupId=null&cat_id=1740&sku_code=&isAppointMall=&isTrusted=true&_vts=1778860038532,z250814661199,sz25081466119988888,1740
"Light weight pants, good hit the summer. If you are short, they rill need to be shortened.",,,Anonymous,SHEIN Product,SHEIN,https://us.shein.com/Women-s-Polka-Dot-Print-Pocket-Wide-Leg-Pants-review-158214269.html?mall_code=1&goods_spu=z250814661199&local_site_query_flag=&sku=sz25081466119988888&store_code=2115186932&isLowestPriceProductOfBuyBox=NaN&mainProductSameGroupId=null&cat_id=1740&sku_code=&isAppointMall=&isTrusted=true&_vts=1778860038532,z250814661199,sz25081466119988888,1740
"C***a 8 Mar,2026 Color: Black and White Size: L EXELENTE Translate Show original From SHEIN US Points Program Helpful (1)",5.0,,C***a,SHEIN Product,SHEIN,https://us.shein.com/Women-s-Polka-Dot-Print-Pocket-Wide-Leg-Pants-review-158214269.html?mall_code=1&goods_spu=z250814661199&local_site_query_flag=&sku=sz25081466119988888&store_code=2115186932&isLowestPriceProductOfBuyBox=NaN&mainProductSameGroupId=null&cat_id=1740&sku_code=&isAppointMall=&isTrusted=true&_vts=1778860038532,z250814661199,sz25081466119988888,1740
From SHEIN US Points Program Helpful (1),5.0,,C***a,SHEIN Product,SHEIN,https://us.shein.com/Women-s-Polka-Dot-Print-Pocket-Wide-Leg-Pants-review-158214269.html?mall_code=1&goods_spu=z250814661199&local_site_query_flag=&sku=sz25081466119988888&store_code=2115186932&isLowestPriceProductOfBuyBox=NaN&mainProductSameGroupId=null&cat_id=1740&sku_code=&isAppointMall=&isTrusted=true&_vts=1778860038532,z250814661199,sz25081466119988888,1740
Color: Black and White Size: L,5.0,,Anonymous,SHEIN Product,SHEIN,https://us.shein.com/Women-s-Polka-Dot-Print-Pocket-Wide-Leg-Pants-review-158214269.html?mall_code=1&goods_spu=z250814661199&local_site_query_flag=&sku=sz25081466119988888&store_code=2115186932&isLowestPriceProductOfBuyBox=NaN&mainProductSameGroupId=null&cat_id=1740&sku_code=&isAppointMall=&isTrusted=true&_vts=1778860038532,z250814661199,sz25081466119988888,1740
EXELENTE Translate Show original,,,Anonymous,SHEIN Product,SHEIN,https://us.shein.com/Women-s-Polka-Dot-Print-Pocket-Wide-Leg-Pants-review-158214269.html?mall_code=1&goods_spu=z250814661199&local_site_query_flag=&sku=sz25081466119988888&store_code=2115186932&isLowestPriceProductOfBuyBox=NaN&mainProductSameGroupId=null&cat_id=1740&sku_code=&isAppointMall=&isTrusted=true&_vts=1778860038532,z250814661199,sz25081466119988888,1740
me fascina muy bonito todo me encanta me fascina muy bonito todo me encanta me fascina muy bonito todo me encanta me fascina muy bonito todo me encanta me fascina Translate Show original,5.0,,c***z,SHEIN Product,SHEIN,https://us.shein.com/Women-s-Polka-Dot-Print-Pocket-Wide-Leg-Pants-review-158214269.html?mall_code=1&goods_spu=z250814661199&local_site_query_flag=&sku=sz25081466119988888&store_code=2115186932&isLowestPriceProductOfBuyBox=NaN&mainProductSameGroupId=null&cat_id=1740&sku_code=&isAppointMall=&isTrusted=true&_vts=1778860038532,z250814661199,sz25081466119988888,1740
Height: 167 cm / 66 in Weight: 64 kg / 141 lbs Body Shape: Rectrangle Hips: 106 cm / 42 in Waist: 72 cm / 28 in Bust: 91 cm / 36 in Color: Black and White Size: L,5.0,,Anonymous,SHEIN Product,SHEIN,https://us.shein.com/Women-s-Polka-Dot-Print-Pocket-Wide-Leg-Pants-review-158214269.html?mall_code=1&goods_spu=z250814661199&local_site_query_flag=&sku=sz25081466119988888&store_code=2115186932&isLowestPriceProductOfBuyBox=NaN&mainProductSameGroupId=null&cat_id=1740&sku_code=&isAppointMall=&isTrusted=true&_vts=1778860038532,z250814661199,sz25081466119988888,1740
me fascina muy bonito todo me encanta me fascina muy bonito todo me encanta me fascina muy bonito todo me encanta me fascina muy bonito todo me encanta me fascina,,,Anonymous,SHEIN Product,SHEIN,https://us.shein.com/Women-s-Polka-Dot-Print-Pocket-Wide-Leg-Pants-review-158214269.html?mall_code=1&goods_spu=z250814661199&local_site_query_flag=&sku=sz25081466119988888&store_code=2115186932&isLowestPriceProductOfBuyBox=NaN&mainProductSameGroupId=null&cat_id=1740&sku_code=&isAppointMall=&isTrusted=true&_vts=1778860038532,z250814661199,sz25081466119988888,1740
"a***8 3 Mar,2026 Overall Fit: True to Size Color: Black and White Size: S Calidad del producto : Igual que en la foto lo recomiendo super práctico y hermoso Translate Show original From SHEIN US Points Program Helpful (5)",5.0,,a***8,SHEIN Product,SHEIN,https://us.shein.com/Women-s-Polka-Dot-Print-Pocket-Wide-Leg-Pants-review-158214269.html?mall_code=1&goods_spu=z250814661199&local_site_query_flag=&sku=sz25081466119988888&store_code=2115186932&isLowestPriceProductOfBuyBox=NaN&mainProductSameGroupId=null&cat_id=1740&sku_code=&isAppointMall=&isTrusted=true&_vts=1778860038532,z250814661199,sz25081466119988888,1740
Calidad del producto : Igual que en la foto lo recomiendo super práctico y hermoso Translate Show original,5.0,,a***8,SHEIN Product,SHEIN,https://us.shein.com/Women-s-Polka-Dot-Print-Pocket-Wide-Leg-Pants-review-158214269.html?mall_code=1&goods_spu=z250814661199&local_site_query_flag=&sku=sz25081466119988888&store_code=2115186932&isLowestPriceProductOfBuyBox=NaN&mainProductSameGroupId=null&cat_id=1740&sku_code=&isAppointMall=&isTrusted=true&_vts=1778860038532,z250814661199,sz25081466119988888,1740
Calidad del producto : Igual que en la foto lo recomiendo super práctico y hermoso,,,Calidad del producto,SHEIN Product,SHEIN,https://us.shein.com/Women-s-Polka-Dot-Print-Pocket-Wide-Leg-Pants-review-158214269.html?mall_code=1&goods_spu=z250814661199&local_site_query_flag=&sku=sz25081466119988888&store_code=2115186932&isLowestPriceProductOfBuyBox=NaN&mainProductSameGroupId=null&cat_id=1740&sku_code=&isAppointMall=&isTrusted=true&_vts=1778860038532,z250814661199,sz25081466119988888,1740
Igual que en la foto lo recomiendo super práctico y hermoso,,,Calidad del producto,SHEIN Product,SHEIN,https://us.shein.com/Women-s-Polka-Dot-Print-Pocket-Wide-Leg-Pants-review-158214269.html?mall_code=1&goods_spu=z250814661199&local_site_query_flag=&sku=sz25081466119988888&store_code=2115186932&isLowestPriceProductOfBuyBox=NaN&mainProductSameGroupId=null&cat_id=1740&sku_code=&isAppointMall=&isTrusted=true&_vts=1778860038532,z250814661199,sz25081466119988888,1740
"c***z 2 Feb,2026 Height: 167 cm / 66 in Weight: 64 kg / 141 lbs Body Shape: Rectrangle Hips: 106 cm / 42 in Waist: 72 cm / 28 in Bust: 91 cm / 36 in Color: Black and White Size: XL me fascina muy bonito todo me encanta me fascina muy bonito todo me encanta me fascina muy bonito todo me encanta me fascina muy bonito todo me encanta me fascina Translate Show original From SHEIN US Points Program",5.0,,c***z,SHEIN Product,SHEIN,https://us.shein.com/Women-s-Polka-Dot-Print-Pocket-Wide-Leg-Pants-review-158214269.html?mall_code=1&goods_spu=z250814661199&local_site_query_flag=&sku=sz25081466119988888&store_code=2115186932&isLowestPriceProductOfBuyBox=NaN&mainProductSameGroupId=null&cat_id=1740&sku_code=&isAppointMall=&isTrusted=true&_vts=1778860038532,z250814661199,sz25081466119988888,1740
Height: 167 cm / 66 in Weight: 64 kg / 141 lbs Body Shape: Rectrangle Hips: 106 cm / 42 in Waist: 72 cm / 28 in Bust: 91 cm / 36 in Color: Black and White Size: XL,5.0,,Anonymous,SHEIN Product,SHEIN,https://us.shein.com/Women-s-Polka-Dot-Print-Pocket-Wide-Leg-Pants-review-158214269.html?mall_code=1&goods_spu=z250814661199&local_site_query_flag=&sku=sz25081466119988888&store_code=2115186932&isLowestPriceProductOfBuyBox=NaN&mainProductSameGroupId=null&cat_id=1740&sku_code=&isAppointMall=&isTrusted=true&_vts=1778860038532,z250814661199,sz25081466119988888,1740
"s***o 25 Apr,2026 Overall Fit: True to Size Color: Black and White Size: XL Llego a tiempo, hermoso ! Excelente calidad Translate Show original From SHEIN US Points Program",5.0,,s***o,SHEIN Product,SHEIN,https://us.shein.com/Women-s-Polka-Dot-Print-Pocket-Wide-Leg-Pants-review-158214269.html?mall_code=1&goods_spu=z250814661199&local_site_query_flag=&sku=sz25081466119988888&store_code=2115186932&isLowestPriceProductOfBuyBox=NaN&mainProductSameGroupId=null&cat_id=1740&sku_code=&isAppointMall=&isTrusted=true&_vts=1778860038532,z250814661199,sz25081466119988888,1740
"Llego a tiempo, hermoso ! Excelente calidad Translate Show original",5.0,,s***o,SHEIN Product,SHEIN,https://us.shein.com/Women-s-Polka-Dot-Print-Pocket-Wide-Leg-Pants-review-158214269.html?mall_code=1&goods_spu=z250814661199&local_site_query_flag=&sku=sz25081466119988888&store_code=2115186932&isLowestPriceProductOfBuyBox=NaN&mainProductSameGroupId=null&cat_id=1740&sku_code=&isAppointMall=&isTrusted=true&_vts=1778860038532,z250814661199,sz25081466119988888,1740
Overall Fit: True to Size Color: Black and White Size: XL,5.0,,Anonymous,SHEIN Product,SHEIN,https://us.shein.com/Women-s-Polka-Dot-Print-Pocket-Wide-Leg-Pants-review-158214269.html?mall_code=1&goods_spu=z250814661199&local_site_query_flag=&sku=sz25081466119988888&store_code=2115186932&isLowestPriceProductOfBuyBox=NaN&mainProductSameGroupId=null&cat_id=1740&sku_code=&isAppointMall=&isTrusted=true&_vts=1778860038532,z250814661199,sz25081466119988888,1740
"Llego a tiempo, hermoso ! Excelente calidad",,,Anonymous,SHEIN Product,SHEIN,https://us.shein.com/Women-s-Polka-Dot-Print-Pocket-Wide-Leg-Pants-review-158214269.html?mall_code=1&goods_spu=z250814661199&local_site_query_flag=&sku=sz25081466119988888&store_code=2115186932&isLowestPriceProductOfBuyBox=NaN&mainProductSameGroupId=null&cat_id=1740&sku_code=&isAppointMall=&isTrusted=true&_vts=1778860038532,z250814661199,sz25081466119988888,1740
"1***7 12 May,2026 Color: Black and White Size: M Fiel a las imágenes del producto : Me gustó mucho tal como se ve en las imágenes Translate Show original From SHEIN US Points Program",5.0,,1***7,SHEIN Product,SHEIN,https://us.shein.com/Women-s-Polka-Dot-Print-Pocket-Wide-Leg-Pants-review-158214269.html?mall_code=1&goods_spu=z250814661199&local_site_query_flag=&sku=sz25081466119988888&store_code=2115186932&isLowestPriceProductOfBuyBox=NaN&mainProductSameGroupId=null&cat_id=1740&sku_code=&isAppointMall=&isTrusted=true&_vts=1778860038532,z250814661199,sz25081466119988888,1740
Fiel a las imágenes del producto : Me gustó mucho tal como se ve en las imágenes Translate Show original,5.0,,1***7,SHEIN Product,SHEIN,https://us.shein.com/Women-s-Polka-Dot-Print-Pocket-Wide-Leg-Pants-review-158214269.html?mall_code=1&goods_spu=z250814661199&local_site_query_flag=&sku=sz25081466119988888&store_code=2115186932&isLowestPriceProductOfBuyBox=NaN&mainProductSameGroupId=null&cat_id=1740&sku_code=&isAppointMall=&isTrusted=true&_vts=1778860038532,z250814661199,sz25081466119988888,1740
Fiel a las imágenes del producto : Me gustó mucho tal como se ve en las imágenes,,,Fiel a las imágenes del producto,SHEIN Product,SHEIN,https://us.shein.com/Women-s-Polka-Dot-Print-Pocket-Wide-Leg-Pants-review-158214269.html?mall_code=1&goods_spu=z250814661199&local_site_query_flag=&sku=sz25081466119988888&store_code=2115186932&isLowestPriceProductOfBuyBox=NaN&mainProductSameGroupId=null&cat_id=1740&sku_code=&isAppointMall=&isTrusted=true&_vts=1778860038532,z250814661199,sz25081466119988888,1740
Me gustó mucho tal como se ve en las imágenes,,,Fiel a las imágenes del producto,SHEIN Product,SHEIN,https://us.shein.com/Women-s-Polka-Dot-Print-Pocket-Wide-Leg-Pants-review-158214269.html?mall_code=1&goods_spu=z250814661199&local_site_query_flag=&sku=sz25081466119988888&store_code=2115186932&isLowestPriceProductOfBuyBox=NaN&mainProductSameGroupId=null&cat_id=1740&sku_code=&isAppointMall=&isTrusted=true&_vts=1778860038532,z250814661199,sz25081466119988888,1740
$ 5 .60 $26.48 -79% ADD TO CART,,,Anonymous,SHEIN Product,SHEIN,https://us.shein.com/Women-s-Polka-Dot-Print-Pocket-Wide-Leg-Pants-review-158214269.html?mall_code=1&goods_spu=z250814661199&local_site_query_flag=&sku=sz25081466119988888&store_code=2115186932&isLowestPriceProductOfBuyBox=NaN&mainProductSameGroupId=null&cat_id=1740&sku_code=&isAppointMall=&isTrusted=true&_vts=1778860038532,z250814661199,sz25081466119988888,1740
